INSERT INTO MEMBER (MEMBER_ID, NAME, PROVIDER, PROVIDER_ID)
VALUES (1, '김회원', 'kakao', '1234'),
       (2, '원회원', 'kakao', '5678'),
       (3, '김작가', 'kakao', '1011'),
       (4, '이작가', 'kakao', '1213'),
       (5, '박작가', 'kakao', '1415')
;

ALTER TABLE MEMBER ALTER COLUMN MEMBER_ID RESTART WITH 7;

INSERT INTO ARTIST (ARTIST_ID,  NAME, DESCRIPTION, INSTA, PROFILE_IMAGE_KEY, WISH_COUNT, MEMBER_ID)
VALUES
    (1, '김작가', '000 작가는 오랜 시간 부서져 작은 알갱이가 된 돌의 조각들을 다시 하나의 덩어리로 만들고 고온의 불에 소성하여 원래의 성질로 환원시킵니다.' ||
               '이 작은 입자들이 모여 이루는 형태를 통해, 자연과 일상 속에 깃든 시간의 흐름을 표현하고자 합니다. 작가의 작업은 일상 속에서 새로운 역할을 가지며 우리 삶의 한 부분이 됩니다.',
     'https://www.instagram.com/promesa_ceramic?igsh=MXhxdGJkd3pkeGk5dg==', 'artist/1/profile/꿀꺽이.jpg', 0, 3),
    (2, '이작가', '000 작가는 오랜 시간 부서져 작은 알갱이가 된 돌의 조각들을 다시 하나의 덩어리로 만들고 고온의 불에 소성하여 원래의 성질로 환원시킵니다.' ||
               '이 작은 입자들이 모여 이루는 형태를 통해, 자연과 일상 속에 깃든 시간의 흐름을 표현하고자 합니다. 작가의 작업은 일상 속에서 새로운 역할을 가지며 우리 삶의 한 부분이 됩니다.',
     'https://www.instagram.com/promesa_ceramic?igsh=MXhxdGJkd3pkeGk5dg==', 'artist/2/profile/profile.jpg', 0, 4),
    (3, '박작가', '000 작가는 오랜 시간 부서져 작은 알갱이가 된 돌의 조각들을 다시 하나의 덩어리로 만들고 고온의 불에 소성하여 원래의 성질로 환원시킵니다.' ||
               '이 작은 입자들이 모여 이루는 형태를 통해, 자연과 일상 속에 깃든 시간의 흐름을 표현하고자 합니다. 작가의 작업은 일상 속에서 새로운 역할을 가지며 우리 삶의 한 부분이 됩니다.',
     'https://www.instagram.com/promesa_ceramic?igsh=MXhxdGJkd3pkeGk5dg==', 'artist/3/profile/profile.jpg', 0, 5)
    ;

INSERT INTO CATEGORY (CATEGORY_ID, CATEGORY_NAME, PARENT_CATEGORY_ID)
VALUES
    (1, '컵/잔', NULL),
    (2, '그릇/사기', NULL),
    (3, '커피/티용품', NULL),
    (4, '화병', NULL),
    (5, '오브제', NULL);

INSERT INTO ITEM (
    ITEM_ID, CREATED_AT, UPDATED_AT, NAME, DESCRIPTION, PRICE, SALE_STATUS, STOCK, WISH_COUNT, ARTIST_ID)
VALUES
    (1, CURRENT_TIMESTAMP(), CURRENT_TIMESTAMP(), '빈티지 블랙 높은잔 세트', '작품에 대한 설명', 10000, 'ON_SALE', 10, 1, 1),
    (2, CURRENT_TIMESTAMP(), CURRENT_TIMESTAMP(), '작품 2', '작품에 대한 설명',25000, 'ON_SALE', 1, 0, 1),
    (3, CURRENT_TIMESTAMP(), CURRENT_TIMESTAMP(), '작품 3', '작품에 대한 설명',10000, 'ON_SALE', 14, 0, 2),
    (4, CURRENT_TIMESTAMP(), CURRENT_TIMESTAMP(), '작품 4', '작품에 대한 설명',20000, 'ON_SALE', 10, 1, 1),
    (5, CURRENT_TIMESTAMP(), CURRENT_TIMESTAMP(), '작품 5', '작품에 대한 설명',10000, 'ON_SALE', 2, 1, 2),
    (6, CURRENT_TIMESTAMP(), CURRENT_TIMESTAMP(), '작품 6', '작품에 대한 설명',25000, 'ON_SALE', 13, 0, 2),
    (7, CURRENT_TIMESTAMP(), CURRENT_TIMESTAMP(), '작품 7', '작품에 대한 설명',15000, 'ON_SALE', 4, 0, 2),
    (8, CURRENT_TIMESTAMP(), CURRENT_TIMESTAMP(), '작품 8', '작품에 대한 설명',25000, 'ON_SALE', 13, 0, 1),
    (9, CURRENT_TIMESTAMP(), CURRENT_TIMESTAMP(), '작품 9', '작품에 대한 설명',15000, 'ON_SALE', 4, 0, 1),
    (10, CURRENT_TIMESTAMP(), CURRENT_TIMESTAMP(), '작품 10', '작품에 대한 설명',15000, 'ON_SALE', 11, 1, 2),
    (11, CURRENT_TIMESTAMP(), CURRENT_TIMESTAMP(), '작품 11', '작품에 대한 설명',25000, 'ON_SALE', 15, 1, 1),
    (12, CURRENT_TIMESTAMP(), CURRENT_TIMESTAMP(), '작품 12', '작품에 대한 설명',15000, 'ON_SALE', 5, 2, 3),
    (13, CURRENT_TIMESTAMP(), CURRENT_TIMESTAMP(), '작품 13', '작품에 대한 설명',15000, 'ON_SALE', 3, 1, 1),
    (14, CURRENT_TIMESTAMP(), CURRENT_TIMESTAMP(), '작품 14', '작품에 대한 설명',20000, 'ON_SALE', 17, 0, 2),
    (15, CURRENT_TIMESTAMP(), CURRENT_TIMESTAMP(), '작품 15', '작품에 대한 설명',15000, 'ON_SALE', 19, 0, 1),
    (16, CURRENT_TIMESTAMP(), CURRENT_TIMESTAMP(), '작품 16','작품에 대한 설명', 10000, 'ON_SALE', 8, 1, 1),
    (17, CURRENT_TIMESTAMP(), CURRENT_TIMESTAMP(), '작품 17', '작품에 대한 설명',10000, 'ON_SALE', 4, 0, 1),
    (18, CURRENT_TIMESTAMP(), CURRENT_TIMESTAMP(), '작품 18', '작품에 대한 설명',10000, 'ON_SALE', 12, 0, 1),
    (19, CURRENT_TIMESTAMP(), CURRENT_TIMESTAMP(), '작품 19', '작품에 대한 설명',10000, 'ON_SALE', 8, 0, 2),
    (20, CURRENT_TIMESTAMP(), CURRENT_TIMESTAMP(), '작품 20', '작품에 대한 설명',15000, 'ON_SALE', 6, 1, 1),
    (21, CURRENT_TIMESTAMP(), CURRENT_TIMESTAMP(), '작품 21', '작품에 대한 설명',25000, 'ON_SALE', 1, 2, 1),
    (22, CURRENT_TIMESTAMP(), CURRENT_TIMESTAMP(), '작품 22', '작품에 대한 설명',20000, 'ON_SALE', 17, 1, 3),
    (23, CURRENT_TIMESTAMP(), CURRENT_TIMESTAMP(), '작품 23', '작품에 대한 설명',25000, 'ON_SALE', 2, 1, 3),
    (24, CURRENT_TIMESTAMP(), CURRENT_TIMESTAMP(), '작품 24', '작품에 대한 설명',10000, 'ON_SALE', 3, 0, 1),
    (25, CURRENT_TIMESTAMP(), CURRENT_TIMESTAMP(), '작품 25', '작품에 대한 설명',15000, 'ON_SALE', 11, 2, 2),
    (26, CURRENT_TIMESTAMP(), CURRENT_TIMESTAMP(), '작품 26', '작품에 대한 설명',10000, 'ON_SALE', 8, 1, 1),
    (27, CURRENT_TIMESTAMP(), CURRENT_TIMESTAMP(), '작품 27', '작품에 대한 설명',20000, 'ON_SALE', 9, 1, 1),
    (28, CURRENT_TIMESTAMP(), CURRENT_TIMESTAMP(), '작품 28', '작품에 대한 설명',25000, 'ON_SALE', 3, 1, 1),
    (29, CURRENT_TIMESTAMP(), CURRENT_TIMESTAMP(), '작품 29', '작품에 대한 설명',10000, 'ON_SALE', 17, 2, 1),
    (30, CURRENT_TIMESTAMP(), CURRENT_TIMESTAMP(), '작품 30', '작품에 대한 설명',15000, 'ON_SALE', 17, 2, 1),
    (31, CURRENT_TIMESTAMP(), CURRENT_TIMESTAMP(), '작품 31', '작품에 대한 설명',10000, 'ON_SALE', 15, 1, 2),
    (32, CURRENT_TIMESTAMP(), CURRENT_TIMESTAMP(), '작품 32', '작품에 대한 설명',20000, 'ON_SALE', 3, 2, 1),
    (33, CURRENT_TIMESTAMP(), CURRENT_TIMESTAMP(), '작품 33', '작품에 대한 설명',20000, 'ON_SALE', 2, 1, 3),
    (34, CURRENT_TIMESTAMP(), CURRENT_TIMESTAMP(), '작품 34', '작품에 대한 설명',15000, 'ON_SALE', 14, 1, 1),
    (35, CURRENT_TIMESTAMP(), CURRENT_TIMESTAMP(), '작품 35', '작품에 대한 설명',20000, 'ON_SALE', 8, 0, 1),
    (36, CURRENT_TIMESTAMP(), CURRENT_TIMESTAMP(), '작품 36','작품에 대한 설명', 20000, 'ON_SALE', 19, 0, 3),
    (37, CURRENT_TIMESTAMP(), CURRENT_TIMESTAMP(), '작품 37', '작품에 대한 설명',15000, 'ON_SALE', 1, 1, 3),
    (38, CURRENT_TIMESTAMP(), CURRENT_TIMESTAMP(), '작품 38', '작품에 대한 설명',15000, 'ON_SALE', 18, 2, 1),
    (39, CURRENT_TIMESTAMP(), CURRENT_TIMESTAMP(), '작품 39', '작품에 대한 설명',25000, 'ON_SALE', 12, 0, 2),
    (40, CURRENT_TIMESTAMP(), CURRENT_TIMESTAMP(), '작품 40', '작품에 대한 설명',10000, 'ON_SALE', 2, 0, 3),
    (41, CURRENT_TIMESTAMP(), CURRENT_TIMESTAMP(), '작품 41', '작품에 대한 설명',25000, 'ON_SALE', 13, 0, 2),
    (42, CURRENT_TIMESTAMP(), CURRENT_TIMESTAMP(), '작품 42', '작품에 대한 설명',25000, 'ON_SALE', 13, 1, 3),
    (43, CURRENT_TIMESTAMP(), CURRENT_TIMESTAMP(), '작품 43', '작품에 대한 설명',20000, 'ON_SALE', 13, 2, 1),
    (44, CURRENT_TIMESTAMP(), CURRENT_TIMESTAMP(), '작품 44', '작품에 대한 설명',20000, 'ON_SALE', 9, 0, 3),
    (45, CURRENT_TIMESTAMP(), CURRENT_TIMESTAMP(), '작품 45', '작품에 대한 설명',25000, 'ON_SALE', 11, 1, 3),
    (46, CURRENT_TIMESTAMP(), CURRENT_TIMESTAMP(), '작품 46', '작품에 대한 설명',10000, 'ON_SALE', 16, 2, 2),
    (47, CURRENT_TIMESTAMP(), CURRENT_TIMESTAMP(), '작품 47', '작품에 대한 설명',20000, 'ON_SALE', 19, 2, 1),
    (48, CURRENT_TIMESTAMP(), CURRENT_TIMESTAMP(), '작품 48', '작품에 대한 설명',20000, 'ON_SALE', 15, 0, 3),
    (49, CURRENT_TIMESTAMP(), CURRENT_TIMESTAMP(), '작품 49', '작품에 대한 설명',15000, 'ON_SALE', 15, 0, 1),
    (50, CURRENT_TIMESTAMP(), CURRENT_TIMESTAMP(), '작품 50', '작품에 대한 설명',10000, 'ON_SALE', 17, 0, 2)
;

INSERT INTO ITEM (
    ITEM_ID, CREATED_AT, UPDATED_AT, NAME, DESCRIPTION, PRICE, SALE_STATUS, STOCK, WISH_COUNT, ARTIST_ID)
VALUES
    (51, CURRENT_TIMESTAMP(), CURRENT_TIMESTAMP(), '작품 51', '작품에 대한 설명',10000, 'ON_SALE', 20, 2, 2),
    (52, CURRENT_TIMESTAMP(), CURRENT_TIMESTAMP(), '작품 52', '작품에 대한 설명',25000, 'ON_SALE', 5, 1, 1),
    (53, CURRENT_TIMESTAMP(), CURRENT_TIMESTAMP(), '작품 53', '작품에 대한 설명',10000, 'ON_SALE', 14, 1, 3),
    (54, CURRENT_TIMESTAMP(), CURRENT_TIMESTAMP(), '작품 54', '작품에 대한 설명',15000, 'ON_SALE', 1, 1, 3),
    (55, CURRENT_TIMESTAMP(), CURRENT_TIMESTAMP(), '작품 55', '작품에 대한 설명',25000, 'ON_SALE', 20, 0, 3),
    (56, CURRENT_TIMESTAMP(), CURRENT_TIMESTAMP(), '작품 56', '작품에 대한 설명',15000, 'ON_SALE', 8, 2, 1),
    (57, CURRENT_TIMESTAMP(), CURRENT_TIMESTAMP(), '작품 57', '작품에 대한 설명',25000, 'ON_SALE', 2, 2, 1),
    (58, CURRENT_TIMESTAMP(), CURRENT_TIMESTAMP(), '작품 58', '작품에 대한 설명',25000, 'ON_SALE', 12, 1, 2),
    (59, CURRENT_TIMESTAMP(), CURRENT_TIMESTAMP(), '작품 59', '작품에 대한 설명',15000, 'ON_SALE', 3, 1, 3),
    (60, CURRENT_TIMESTAMP(), CURRENT_TIMESTAMP(), '작품 60', '작품에 대한 설명',15000, 'ON_SALE', 7, 2, 1),
    (61, CURRENT_TIMESTAMP(), CURRENT_TIMESTAMP(), '작품 61', '작품에 대한 설명',15000, 'ON_SALE', 19, 2, 1),
    (62, CURRENT_TIMESTAMP(), CURRENT_TIMESTAMP(), '작품 62', '작품에 대한 설명',20000, 'ON_SALE', 6, 0, 1),
    (63, CURRENT_TIMESTAMP(), CURRENT_TIMESTAMP(), '작품 63', '작품에 대한 설명',10000, 'ON_SALE', 12, 1, 2),
    (64, CURRENT_TIMESTAMP(), CURRENT_TIMESTAMP(), '작품 64', '작품에 대한 설명',10000, 'ON_SALE', 2, 2, 1),
    (65, CURRENT_TIMESTAMP(), CURRENT_TIMESTAMP(), '작품 65', '작품에 대한 설명',20000, 'ON_SALE', 4, 2, 2),
    (66, CURRENT_TIMESTAMP(), CURRENT_TIMESTAMP(), '작품 66', '작품에 대한 설명',15000, 'ON_SALE', 16, 1, 2),
    (67, CURRENT_TIMESTAMP(), CURRENT_TIMESTAMP(), '작품 67', '작품에 대한 설명',10000, 'ON_SALE', 12, 1, 1),
    (68, CURRENT_TIMESTAMP(), CURRENT_TIMESTAMP(), '작품 68', '작품에 대한 설명',15000, 'ON_SALE', 6, 2, 3),
    (69, CURRENT_TIMESTAMP(), CURRENT_TIMESTAMP(), '작품 69', '작품에 대한 설명',15000, 'ON_SALE', 9, 0, 3),
    (70, CURRENT_TIMESTAMP(), CURRENT_TIMESTAMP(), '작품 70', '작품에 대한 설명',10000, 'ON_SALE', 11, 0, 1),
    (71, CURRENT_TIMESTAMP(), CURRENT_TIMESTAMP(), '작품 71', '작품에 대한 설명',25000, 'ON_SALE', 14, 0, 1),
    (72, CURRENT_TIMESTAMP(), CURRENT_TIMESTAMP(), '작품 72', '작품에 대한 설명',20000, 'ON_SALE', 10, 2, 2),
    (73, CURRENT_TIMESTAMP(), CURRENT_TIMESTAMP(), '작품 73', '작품에 대한 설명',15000, 'ON_SALE', 6, 2, 2),
    (74, CURRENT_TIMESTAMP(), CURRENT_TIMESTAMP(), '작품 74', '작품에 대한 설명',25000, 'ON_SALE', 4, 2, 2),
    (75, CURRENT_TIMESTAMP(), CURRENT_TIMESTAMP(), '작품 75', '작품에 대한 설명',10000, 'ON_SALE', 5, 2, 2),
    (76, CURRENT_TIMESTAMP(), CURRENT_TIMESTAMP(), '작품 76', '작품에 대한 설명',10000, 'ON_SALE', 2, 0, 2),
    (77, CURRENT_TIMESTAMP(), CURRENT_TIMESTAMP(), '작품 77', '작품에 대한 설명',15000, 'ON_SALE', 5, 0, 2),
    (78, CURRENT_TIMESTAMP(), CURRENT_TIMESTAMP(), '작품 78', '작품에 대한 설명',10000, 'ON_SALE', 9, 1, 2),
    (79, CURRENT_TIMESTAMP(), CURRENT_TIMESTAMP(), '작품 79', '작품에 대한 설명',15000, 'ON_SALE', 14, 1, 1),
    (80, CURRENT_TIMESTAMP(), CURRENT_TIMESTAMP(), '작품 80', '작품에 대한 설명',20000, 'ON_SALE', 8, 1, 3),
    (81, CURRENT_TIMESTAMP(), CURRENT_TIMESTAMP(), '작품 81', '작품에 대한 설명',20000, 'ON_SALE', 12, 2, 3),
    (82, CURRENT_TIMESTAMP(), CURRENT_TIMESTAMP(), '작품 82', '작품에 대한 설명',10000, 'ON_SALE', 12, 0, 3),
    (83, CURRENT_TIMESTAMP(), CURRENT_TIMESTAMP(), '작품 83', '작품에 대한 설명',25000, 'ON_SALE', 8, 0, 3),
    (84, CURRENT_TIMESTAMP(), CURRENT_TIMESTAMP(), '작품 84', '작품에 대한 설명',20000, 'ON_SALE', 6, 0, 2),
    (85, CURRENT_TIMESTAMP(), CURRENT_TIMESTAMP(), '작품 85', '작품에 대한 설명',10000, 'ON_SALE', 1, 0, 1),
    (86, CURRENT_TIMESTAMP(), CURRENT_TIMESTAMP(), '작품 86', '작품에 대한 설명',15000, 'ON_SALE', 2, 1, 1),
    (87, CURRENT_TIMESTAMP(), CURRENT_TIMESTAMP(), '작품 87', '작품에 대한 설명',25000, 'ON_SALE', 9, 0, 2),
    (88, CURRENT_TIMESTAMP(), CURRENT_TIMESTAMP(), '작품 88', '작품에 대한 설명',15000, 'ON_SALE', 18, 2, 1),
    (89, CURRENT_TIMESTAMP(), CURRENT_TIMESTAMP(), '작품 89', '작품에 대한 설명',25000, 'ON_SALE', 15, 0, 1),
    (90, CURRENT_TIMESTAMP(), CURRENT_TIMESTAMP(), '작품 90', '작품에 대한 설명',10000, 'ON_SALE', 16, 1, 3),
    (91, CURRENT_TIMESTAMP(), CURRENT_TIMESTAMP(), '작품 91', '작품에 대한 설명',10000, 'ON_SALE', 7, 0, 2),
    (92, CURRENT_TIMESTAMP(), CURRENT_TIMESTAMP(), '작품 92', '작품에 대한 설명',20000, 'ON_SALE', 15, 0, 3),
    (93, CURRENT_TIMESTAMP(), CURRENT_TIMESTAMP(), '작품 93', '작품에 대한 설명',15000, 'ON_SALE', 15, 2, 2),
    (94, CURRENT_TIMESTAMP(), CURRENT_TIMESTAMP(), '작품 94', '작품에 대한 설명',15000, 'ON_SALE', 15, 1, 1),
    (95, CURRENT_TIMESTAMP(), CURRENT_TIMESTAMP(), '작품 95', '작품에 대한 설명',15000, 'ON_SALE', 10, 2, 3),
    (96, CURRENT_TIMESTAMP(), CURRENT_TIMESTAMP(), '작품 96', '작품에 대한 설명',25000, 'ON_SALE', 2, 1, 1),
    (97, CURRENT_TIMESTAMP(), CURRENT_TIMESTAMP(), '작품 97', '작품에 대한 설명',20000, 'ON_SALE', 2, 0, 2),
    (98, CURRENT_TIMESTAMP(), CURRENT_TIMESTAMP(), '작품 98', '작품에 대한 설명',25000, 'ON_SALE', 13, 1, 2),
    (99, CURRENT_TIMESTAMP(), CURRENT_TIMESTAMP(), '작품 99', '작품에 대한 설명',25000, 'ON_SALE', 5, 1, 3),
    (100, CURRENT_TIMESTAMP(), CURRENT_TIMESTAMP(), '작품 100', '작품에 대한 설명',10000, 'ON_SALE', 11, 1, 1)
    ;

INSERT INTO ITEM_IMAGE (ITEM_IMAGE_ID, CREATED_AT, UPDATED_AT, ITEM_IMAGE_KEY, IS_THUMBNAIL, ITEM_ID)
VALUES
    (1, CURRENT_TIMESTAMP(), CURRENT_TIMESTAMP(), 'item/1/main/1.png', TRUE, 1),
    (2, CURRENT_TIMESTAMP(), CURRENT_TIMESTAMP(), 'item/1/main/2.png', FALSE, 1),
    (3, CURRENT_TIMESTAMP(), CURRENT_TIMESTAMP(), 'item/2/main/1.png', TRUE, 2),
    (4, CURRENT_TIMESTAMP(), CURRENT_TIMESTAMP(), 'item/2/main/2.png', FALSE, 2),
    (5, CURRENT_TIMESTAMP(), CURRENT_TIMESTAMP(), 'item/3/main/1.png', TRUE, 3),
    (6, CURRENT_TIMESTAMP(), CURRENT_TIMESTAMP(), 'item/3/main/2.png', FALSE, 3),
    (7, CURRENT_TIMESTAMP(), CURRENT_TIMESTAMP(), 'item/4/main/1.png', TRUE, 4),
    (8, CURRENT_TIMESTAMP(), CURRENT_TIMESTAMP(), 'item/4/main/2.png', FALSE, 4),
    (9, CURRENT_TIMESTAMP(), CURRENT_TIMESTAMP(), 'item/5/main/1.png', TRUE, 5),
    (10, CURRENT_TIMESTAMP(), CURRENT_TIMESTAMP(), 'item/5/main/2.png', FALSE, 5),
    (11, CURRENT_TIMESTAMP(), CURRENT_TIMESTAMP(), 'item/6/main/1.png', TRUE, 6),
    (12, CURRENT_TIMESTAMP(), CURRENT_TIMESTAMP(), 'item/6/main/2.png', FALSE, 6),
    (13, CURRENT_TIMESTAMP(), CURRENT_TIMESTAMP(), 'item/7/main/1.png', TRUE, 7),
    (14, CURRENT_TIMESTAMP(), CURRENT_TIMESTAMP(), 'item/7/main/2.png', FALSE, 7),
    (15, CURRENT_TIMESTAMP(), CURRENT_TIMESTAMP(), 'item/8/main/1.png', TRUE, 8),
    (16, CURRENT_TIMESTAMP(), CURRENT_TIMESTAMP(), 'item/8/main/2.png', FALSE, 8),
    (17, CURRENT_TIMESTAMP(), CURRENT_TIMESTAMP(), 'item/9/main/1.png', TRUE, 9),
    (18, CURRENT_TIMESTAMP(), CURRENT_TIMESTAMP(), 'item/9/main/2.png', FALSE, 9),
    (19, CURRENT_TIMESTAMP(), CURRENT_TIMESTAMP(), 'item/10/main/1.png', TRUE, 10),
    (20, CURRENT_TIMESTAMP(), CURRENT_TIMESTAMP(), 'item/10/main/2.png', FALSE, 10),
    (21, CURRENT_TIMESTAMP(), CURRENT_TIMESTAMP(), 'item/11/main/1.png', TRUE, 11),
    (22, CURRENT_TIMESTAMP(), CURRENT_TIMESTAMP(), 'item/11/main/2.png', FALSE, 11),
    (23, CURRENT_TIMESTAMP(), CURRENT_TIMESTAMP(), 'item/12/main/1.png', TRUE, 12),
    (24, CURRENT_TIMESTAMP(), CURRENT_TIMESTAMP(), 'item/12/main/2.png', FALSE, 12),
    (25, CURRENT_TIMESTAMP(), CURRENT_TIMESTAMP(), 'item/13/main/1.png', TRUE, 13),
    (26, CURRENT_TIMESTAMP(), CURRENT_TIMESTAMP(), 'item/13/main/2.png', FALSE, 13),
    (27, CURRENT_TIMESTAMP(), CURRENT_TIMESTAMP(), 'item/14/main/1.png', TRUE, 14),
    (28, CURRENT_TIMESTAMP(), CURRENT_TIMESTAMP(), 'item/14/main/2.png', FALSE, 14),
    (29, CURRENT_TIMESTAMP(), CURRENT_TIMESTAMP(), 'item/15/main/1.png', TRUE, 15),
    (30, CURRENT_TIMESTAMP(), CURRENT_TIMESTAMP(), 'item/15/main/2.png', FALSE, 15),
    (31, CURRENT_TIMESTAMP(), CURRENT_TIMESTAMP(), 'item/16/main/1.png', TRUE, 16),
    (32, CURRENT_TIMESTAMP(), CURRENT_TIMESTAMP(), 'item/16/main/2.png', FALSE, 16),
    (33, CURRENT_TIMESTAMP(), CURRENT_TIMESTAMP(), 'item/17/main/1.png', TRUE, 17),
    (34, CURRENT_TIMESTAMP(), CURRENT_TIMESTAMP(), 'item/17/main/2.png', FALSE, 17),
    (35, CURRENT_TIMESTAMP(), CURRENT_TIMESTAMP(), 'item/18/main/1.png', TRUE, 18),
    (36, CURRENT_TIMESTAMP(), CURRENT_TIMESTAMP(), 'item/18/main/2.png', FALSE, 18),
    (37, CURRENT_TIMESTAMP(), CURRENT_TIMESTAMP(), 'item/19/main/1.png', TRUE, 19),
    (38, CURRENT_TIMESTAMP(), CURRENT_TIMESTAMP(), 'item/19/main/2.png', FALSE, 19),
    (39, CURRENT_TIMESTAMP(), CURRENT_TIMESTAMP(), 'item/20/main/1.png', TRUE, 20),
    (40, CURRENT_TIMESTAMP(), CURRENT_TIMESTAMP(), 'item/20/main/2.png', FALSE, 20),
    (41, CURRENT_TIMESTAMP(), CURRENT_TIMESTAMP(), 'item/21/main/1.png', TRUE, 21),
    (42, CURRENT_TIMESTAMP(), CURRENT_TIMESTAMP(), 'item/21/main/2.png', FALSE, 21),
    (43, CURRENT_TIMESTAMP(), CURRENT_TIMESTAMP(), 'item/22/main/1.png', TRUE, 22),
    (44, CURRENT_TIMESTAMP(), CURRENT_TIMESTAMP(), 'item/22/main/2.png', FALSE, 22),
    (45, CURRENT_TIMESTAMP(), CURRENT_TIMESTAMP(), 'item/23/main/1.png', TRUE, 23),
    (46, CURRENT_TIMESTAMP(), CURRENT_TIMESTAMP(), 'item/23/main/2.png', FALSE, 23),
    (47, CURRENT_TIMESTAMP(), CURRENT_TIMESTAMP(), 'item/24/main/1.png', TRUE, 24),
    (48, CURRENT_TIMESTAMP(), CURRENT_TIMESTAMP(), 'item/24/main/2.png', FALSE, 24),
    (49, CURRENT_TIMESTAMP(), CURRENT_TIMESTAMP(), 'item/25/main/1.png', TRUE, 25),
    (50, CURRENT_TIMESTAMP(), CURRENT_TIMESTAMP(), 'item/25/main/2.png', FALSE, 25);

INSERT INTO ITEM_IMAGE (ITEM_IMAGE_ID, CREATED_AT, UPDATED_AT, ITEM_IMAGE_KEY, IS_THUMBNAIL, ITEM_ID)
VALUES
    (51, CURRENT_TIMESTAMP(), CURRENT_TIMESTAMP(), 'item/26/main/1.png', TRUE, 26),
    (52, CURRENT_TIMESTAMP(), CURRENT_TIMESTAMP(), 'item/26/main/2.png', FALSE, 26),
    (53, CURRENT_TIMESTAMP(), CURRENT_TIMESTAMP(), 'item/27/main/1.png', TRUE, 27),
    (54, CURRENT_TIMESTAMP(), CURRENT_TIMESTAMP(), 'item/27/main/2.png', FALSE, 27),
    (55, CURRENT_TIMESTAMP(), CURRENT_TIMESTAMP(), 'item/28/main/1.png', TRUE, 28),
    (56, CURRENT_TIMESTAMP(), CURRENT_TIMESTAMP(), 'item/28/main/2.png', FALSE, 28),
    (57, CURRENT_TIMESTAMP(), CURRENT_TIMESTAMP(), 'item/29/main/1.png', TRUE, 29),
    (58, CURRENT_TIMESTAMP(), CURRENT_TIMESTAMP(), 'item/29/main/2.png', FALSE, 29),
    (59, CURRENT_TIMESTAMP(), CURRENT_TIMESTAMP(), 'item/30/main/1.png', TRUE, 30),
    (60, CURRENT_TIMESTAMP(), CURRENT_TIMESTAMP(), 'item/30/main/2.png', FALSE, 30),
    (61, CURRENT_TIMESTAMP(), CURRENT_TIMESTAMP(), 'item/31/main/1.png', TRUE, 31),
    (62, CURRENT_TIMESTAMP(), CURRENT_TIMESTAMP(), 'item/31/main/2.png', FALSE, 31),
    (63, CURRENT_TIMESTAMP(), CURRENT_TIMESTAMP(), 'item/32/main/1.png', TRUE, 32),
    (64, CURRENT_TIMESTAMP(), CURRENT_TIMESTAMP(), 'item/32/main/2.png', FALSE, 32),
    (65, CURRENT_TIMESTAMP(), CURRENT_TIMESTAMP(), 'item/33/main/1.png', TRUE, 33),
    (66, CURRENT_TIMESTAMP(), CURRENT_TIMESTAMP(), 'item/33/main/2.png', FALSE, 33),
    (67, CURRENT_TIMESTAMP(), CURRENT_TIMESTAMP(), 'item/34/main/1.png', TRUE, 34),
    (68, CURRENT_TIMESTAMP(), CURRENT_TIMESTAMP(), 'item/34/main/2.png', FALSE, 34),
    (69, CURRENT_TIMESTAMP(), CURRENT_TIMESTAMP(), 'item/35/main/1.png', TRUE, 35),
    (70, CURRENT_TIMESTAMP(), CURRENT_TIMESTAMP(), 'item/35/main/2.png', FALSE, 35),
    (71, CURRENT_TIMESTAMP(), CURRENT_TIMESTAMP(), 'item/36/main/1.png', TRUE, 36),
    (72, CURRENT_TIMESTAMP(), CURRENT_TIMESTAMP(), 'item/36/main/2.png', FALSE, 36),
    (73, CURRENT_TIMESTAMP(), CURRENT_TIMESTAMP(), 'item/37/main/1.png', TRUE, 37),
    (74, CURRENT_TIMESTAMP(), CURRENT_TIMESTAMP(), 'item/37/main/2.png', FALSE, 37),
    (75, CURRENT_TIMESTAMP(), CURRENT_TIMESTAMP(), 'item/38/main/1.png', TRUE, 38),
    (76, CURRENT_TIMESTAMP(), CURRENT_TIMESTAMP(), 'item/38/main/2.png', FALSE, 38),
    (77, CURRENT_TIMESTAMP(), CURRENT_TIMESTAMP(), 'item/39/main/1.png', TRUE, 39),
    (78, CURRENT_TIMESTAMP(), CURRENT_TIMESTAMP(), 'item/39/main/2.png', FALSE, 39),
    (79, CURRENT_TIMESTAMP(), CURRENT_TIMESTAMP(), 'item/40/main/1.png', TRUE, 40),
    (80, CURRENT_TIMESTAMP(), CURRENT_TIMESTAMP(), 'item/40/main/2.png', FALSE, 40),
    (81, CURRENT_TIMESTAMP(), CURRENT_TIMESTAMP(), 'item/41/main/1.png', TRUE, 41),
    (82, CURRENT_TIMESTAMP(), CURRENT_TIMESTAMP(), 'item/41/main/2.png', FALSE, 41),
    (83, CURRENT_TIMESTAMP(), CURRENT_TIMESTAMP(), 'item/42/main/1.png', TRUE, 42),
    (84, CURRENT_TIMESTAMP(), CURRENT_TIMESTAMP(), 'item/42/main/2.png', FALSE, 42),
    (85, CURRENT_TIMESTAMP(), CURRENT_TIMESTAMP(), 'item/43/main/1.png', TRUE, 43),
    (86, CURRENT_TIMESTAMP(), CURRENT_TIMESTAMP(), 'item/43/main/2.png', FALSE, 43),
    (87, CURRENT_TIMESTAMP(), CURRENT_TIMESTAMP(), 'item/44/main/1.png', TRUE, 44),
    (88, CURRENT_TIMESTAMP(), CURRENT_TIMESTAMP(), 'item/44/main/2.png', FALSE, 44),
    (89, CURRENT_TIMESTAMP(), CURRENT_TIMESTAMP(), 'item/45/main/1.png', TRUE, 45),
    (90, CURRENT_TIMESTAMP(), CURRENT_TIMESTAMP(), 'item/45/main/2.png', FALSE, 45),
    (91, CURRENT_TIMESTAMP(), CURRENT_TIMESTAMP(), 'item/46/main/1.png', TRUE, 46),
    (92, CURRENT_TIMESTAMP(), CURRENT_TIMESTAMP(), 'item/46/main/2.png', FALSE, 46),
    (93, CURRENT_TIMESTAMP(), CURRENT_TIMESTAMP(), 'item/47/main/1.png', TRUE, 47),
    (94, CURRENT_TIMESTAMP(), CURRENT_TIMESTAMP(), 'item/47/main/2.png', FALSE, 47),
    (95, CURRENT_TIMESTAMP(), CURRENT_TIMESTAMP(), 'item/48/main/1.png', TRUE, 48),
    (96, CURRENT_TIMESTAMP(), CURRENT_TIMESTAMP(), 'item/48/main/2.png', FALSE, 48),
    (97, CURRENT_TIMESTAMP(), CURRENT_TIMESTAMP(), 'item/49/main/1.png', TRUE, 49),
    (98, CURRENT_TIMESTAMP(), CURRENT_TIMESTAMP(), 'item/49/main/2.png', FALSE, 49),
    (99, CURRENT_TIMESTAMP(), CURRENT_TIMESTAMP(), 'item/50/main/1.png', TRUE, 50);

INSERT INTO ITEM_IMAGE (ITEM_IMAGE_ID, CREATED_AT, UPDATED_AT, ITEM_IMAGE_KEY, IS_THUMBNAIL, ITEM_ID)
VALUES
    (100, CURRENT_TIMESTAMP(), CURRENT_TIMESTAMP(), 'item/50/main/2.png', FALSE, 50),
    (101, CURRENT_TIMESTAMP(), CURRENT_TIMESTAMP(), 'item/51/main/1.png', TRUE, 51),
    (102, CURRENT_TIMESTAMP(), CURRENT_TIMESTAMP(), 'item/51/main/2.png', FALSE, 51),
    (103, CURRENT_TIMESTAMP(), CURRENT_TIMESTAMP(), 'item/52/main/1.png', TRUE, 52),
    (104, CURRENT_TIMESTAMP(), CURRENT_TIMESTAMP(), 'item/52/main/2.png', FALSE, 52),
    (105, CURRENT_TIMESTAMP(), CURRENT_TIMESTAMP(), 'item/53/main/1.png', TRUE, 53),
    (106, CURRENT_TIMESTAMP(), CURRENT_TIMESTAMP(), 'item/53/main/2.png', FALSE, 53),
    (107, CURRENT_TIMESTAMP(), CURRENT_TIMESTAMP(), 'item/54/main/1.png', TRUE, 54),
    (108, CURRENT_TIMESTAMP(), CURRENT_TIMESTAMP(), 'item/54/main/2.png', FALSE, 54),
    (109, CURRENT_TIMESTAMP(), CURRENT_TIMESTAMP(), 'item/55/main/1.png', TRUE, 55),
    (110, CURRENT_TIMESTAMP(), CURRENT_TIMESTAMP(), 'item/55/main/2.png', FALSE, 55),
    (111, CURRENT_TIMESTAMP(), CURRENT_TIMESTAMP(), 'item/56/main/1.png', TRUE, 56),
    (112, CURRENT_TIMESTAMP(), CURRENT_TIMESTAMP(), 'item/56/main/2.png', FALSE, 56),
    (113, CURRENT_TIMESTAMP(), CURRENT_TIMESTAMP(), 'item/57/main/1.png', TRUE, 57),
    (114, CURRENT_TIMESTAMP(), CURRENT_TIMESTAMP(), 'item/57/main/2.png', FALSE, 57),
    (115, CURRENT_TIMESTAMP(), CURRENT_TIMESTAMP(), 'item/58/main/1.png', TRUE, 58),
    (116, CURRENT_TIMESTAMP(), CURRENT_TIMESTAMP(), 'item/58/main/2.png', FALSE, 58),
    (117, CURRENT_TIMESTAMP(), CURRENT_TIMESTAMP(), 'item/59/main/1.png', TRUE, 59),
    (118, CURRENT_TIMESTAMP(), CURRENT_TIMESTAMP(), 'item/59/main/2.png', FALSE, 59),
    (119, CURRENT_TIMESTAMP(), CURRENT_TIMESTAMP(), 'item/60/main/1.png', TRUE, 60),
    (120, CURRENT_TIMESTAMP(), CURRENT_TIMESTAMP(), 'item/60/main/2.png', FALSE, 60),
    (121, CURRENT_TIMESTAMP(), CURRENT_TIMESTAMP(), 'item/61/main/1.png', TRUE, 61),
    (122, CURRENT_TIMESTAMP(), CURRENT_TIMESTAMP(), 'item/61/main/2.png', FALSE, 61),
    (123, CURRENT_TIMESTAMP(), CURRENT_TIMESTAMP(), 'item/62/main/1.png', TRUE, 62),
    (124, CURRENT_TIMESTAMP(), CURRENT_TIMESTAMP(), 'item/62/main/2.png', FALSE, 62),
    (125, CURRENT_TIMESTAMP(), CURRENT_TIMESTAMP(), 'item/63/main/1.png', TRUE, 63),
    (126, CURRENT_TIMESTAMP(), CURRENT_TIMESTAMP(), 'item/63/main/2.png', FALSE, 63),
    (127, CURRENT_TIMESTAMP(), CURRENT_TIMESTAMP(), 'item/64/main/1.png', TRUE, 64),
    (128, CURRENT_TIMESTAMP(), CURRENT_TIMESTAMP(), 'item/64/main/2.png', FALSE, 64),
    (129, CURRENT_TIMESTAMP(), CURRENT_TIMESTAMP(), 'item/65/main/1.png', TRUE, 65),
    (130, CURRENT_TIMESTAMP(), CURRENT_TIMESTAMP(), 'item/65/main/2.png', FALSE, 65),
    (131, CURRENT_TIMESTAMP(), CURRENT_TIMESTAMP(), 'item/66/main/1.png', TRUE, 66),
    (132, CURRENT_TIMESTAMP(), CURRENT_TIMESTAMP(), 'item/66/main/2.png', FALSE, 66),
    (133, CURRENT_TIMESTAMP(), CURRENT_TIMESTAMP(), 'item/67/main/1.png', TRUE, 67),
    (134, CURRENT_TIMESTAMP(), CURRENT_TIMESTAMP(), 'item/67/main/2.png', FALSE, 67),
    (135, CURRENT_TIMESTAMP(), CURRENT_TIMESTAMP(), 'item/68/main/1.png', TRUE, 68),
    (136, CURRENT_TIMESTAMP(), CURRENT_TIMESTAMP(), 'item/68/main/2.png', FALSE, 68),
    (137, CURRENT_TIMESTAMP(), CURRENT_TIMESTAMP(), 'item/69/main/1.png', TRUE, 69),
    (138, CURRENT_TIMESTAMP(), CURRENT_TIMESTAMP(), 'item/69/main/2.png', FALSE, 69),
    (139, CURRENT_TIMESTAMP(), CURRENT_TIMESTAMP(), 'item/70/main/1.png', TRUE, 70),
    (140, CURRENT_TIMESTAMP(), CURRENT_TIMESTAMP(), 'item/70/main/2.png', FALSE, 70),
    (141, CURRENT_TIMESTAMP(), CURRENT_TIMESTAMP(), 'item/71/main/1.png', TRUE, 71),
    (142, CURRENT_TIMESTAMP(), CURRENT_TIMESTAMP(), 'item/71/main/2.png', FALSE, 71),
    (143, CURRENT_TIMESTAMP(), CURRENT_TIMESTAMP(), 'item/72/main/1.png', TRUE, 72),
    (144, CURRENT_TIMESTAMP(), CURRENT_TIMESTAMP(), 'item/72/main/2.png', FALSE, 72),
    (145, CURRENT_TIMESTAMP(), CURRENT_TIMESTAMP(), 'item/73/main/1.png', TRUE, 73),
    (146, CURRENT_TIMESTAMP(), CURRENT_TIMESTAMP(), 'item/73/main/2.png', FALSE, 73),
    (147, CURRENT_TIMESTAMP(), CURRENT_TIMESTAMP(), 'item/74/main/1.png', TRUE, 74),
    (148, CURRENT_TIMESTAMP(), CURRENT_TIMESTAMP(), 'item/74/main/2.png', FALSE, 74),
    (149, CURRENT_TIMESTAMP(), CURRENT_TIMESTAMP(), 'item/75/main/1.png', TRUE, 75),
    (150, CURRENT_TIMESTAMP(), CURRENT_TIMESTAMP(), 'item/75/main/2.png', FALSE, 75);

INSERT INTO ITEM_IMAGE (ITEM_IMAGE_ID, CREATED_AT, UPDATED_AT, ITEM_IMAGE_KEY, IS_THUMBNAIL, ITEM_ID)
VALUES
    (151, CURRENT_TIMESTAMP(), CURRENT_TIMESTAMP(), 'item/76/main/1.png', TRUE, 76),
    (152, CURRENT_TIMESTAMP(), CURRENT_TIMESTAMP(), 'item/76/main/2.png', FALSE, 76),
    (153, CURRENT_TIMESTAMP(), CURRENT_TIMESTAMP(), 'item/77/main/1.png', TRUE, 77),
    (154, CURRENT_TIMESTAMP(), CURRENT_TIMESTAMP(), 'item/77/main/2.png', FALSE, 77),
    (155, CURRENT_TIMESTAMP(), CURRENT_TIMESTAMP(), 'item/78/main/1.png', TRUE, 78),
    (156, CURRENT_TIMESTAMP(), CURRENT_TIMESTAMP(), 'item/78/main/2.png', FALSE, 78),
    (157, CURRENT_TIMESTAMP(), CURRENT_TIMESTAMP(), 'item/79/main/1.png', TRUE, 79),
    (158, CURRENT_TIMESTAMP(), CURRENT_TIMESTAMP(), 'item/79/main/2.png', FALSE, 79),
    (159, CURRENT_TIMESTAMP(), CURRENT_TIMESTAMP(), 'item/80/main/1.png', TRUE, 80),
    (160, CURRENT_TIMESTAMP(), CURRENT_TIMESTAMP(), 'item/80/main/2.png', FALSE, 80),
    (161, CURRENT_TIMESTAMP(), CURRENT_TIMESTAMP(), 'item/81/main/1.png', TRUE, 81),
    (162, CURRENT_TIMESTAMP(), CURRENT_TIMESTAMP(), 'item/81/main/2.png', FALSE, 81),
    (163, CURRENT_TIMESTAMP(), CURRENT_TIMESTAMP(), 'item/82/main/1.png', TRUE, 82),
    (164, CURRENT_TIMESTAMP(), CURRENT_TIMESTAMP(), 'item/82/main/2.png', FALSE, 82),
    (165, CURRENT_TIMESTAMP(), CURRENT_TIMESTAMP(), 'item/83/main/1.png', TRUE, 83),
    (166, CURRENT_TIMESTAMP(), CURRENT_TIMESTAMP(), 'item/83/main/2.png', FALSE, 83),
    (167, CURRENT_TIMESTAMP(), CURRENT_TIMESTAMP(), 'item/84/main/1.png', TRUE, 84),
    (168, CURRENT_TIMESTAMP(), CURRENT_TIMESTAMP(), 'item/84/main/2.png', FALSE, 84),
    (169, CURRENT_TIMESTAMP(), CURRENT_TIMESTAMP(), 'item/85/main/1.png', TRUE, 85),
    (170, CURRENT_TIMESTAMP(), CURRENT_TIMESTAMP(), 'item/85/main/2.png', FALSE, 85),
    (171, CURRENT_TIMESTAMP(), CURRENT_TIMESTAMP(), 'item/86/main/1.png', TRUE, 86),
    (172, CURRENT_TIMESTAMP(), CURRENT_TIMESTAMP(), 'item/86/main/2.png', FALSE, 86),
    (173, CURRENT_TIMESTAMP(), CURRENT_TIMESTAMP(), 'item/87/main/1.png', TRUE, 87),
    (174, CURRENT_TIMESTAMP(), CURRENT_TIMESTAMP(), 'item/87/main/2.png', FALSE, 87),
    (175, CURRENT_TIMESTAMP(), CURRENT_TIMESTAMP(), 'item/88/main/1.png', TRUE, 88),
    (176, CURRENT_TIMESTAMP(), CURRENT_TIMESTAMP(), 'item/88/main/2.png', FALSE, 88),
    (177, CURRENT_TIMESTAMP(), CURRENT_TIMESTAMP(), 'item/89/main/1.png', TRUE, 89),
    (178, CURRENT_TIMESTAMP(), CURRENT_TIMESTAMP(), 'item/89/main/2.png', FALSE, 89),
    (179, CURRENT_TIMESTAMP(), CURRENT_TIMESTAMP(), 'item/90/main/1.png', TRUE, 90),
    (180, CURRENT_TIMESTAMP(), CURRENT_TIMESTAMP(), 'item/90/main/2.png', FALSE, 90),
    (181, CURRENT_TIMESTAMP(), CURRENT_TIMESTAMP(), 'item/91/main/1.png', TRUE, 91),
    (182, CURRENT_TIMESTAMP(), CURRENT_TIMESTAMP(), 'item/91/main/2.png', FALSE, 91),
    (183, CURRENT_TIMESTAMP(), CURRENT_TIMESTAMP(), 'item/92/main/1.png', TRUE, 92),
    (184, CURRENT_TIMESTAMP(), CURRENT_TIMESTAMP(), 'item/92/main/2.png', FALSE, 92),
    (185, CURRENT_TIMESTAMP(), CURRENT_TIMESTAMP(), 'item/93/main/1.png', TRUE, 93),
    (186, CURRENT_TIMESTAMP(), CURRENT_TIMESTAMP(), 'item/93/main/2.png', FALSE, 93),
    (187, CURRENT_TIMESTAMP(), CURRENT_TIMESTAMP(), 'item/94/main/1.png', TRUE, 94),
    (188, CURRENT_TIMESTAMP(), CURRENT_TIMESTAMP(), 'item/94/main/2.png', FALSE, 94),
    (189, CURRENT_TIMESTAMP(), CURRENT_TIMESTAMP(), 'item/95/main/1.png', TRUE, 95),
    (190, CURRENT_TIMESTAMP(), CURRENT_TIMESTAMP(), 'item/95/main/2.png', FALSE, 95),
    (191, CURRENT_TIMESTAMP(), CURRENT_TIMESTAMP(), 'item/96/main/1.png', TRUE, 96),
    (192, CURRENT_TIMESTAMP(), CURRENT_TIMESTAMP(), 'item/96/main/2.png', FALSE, 96),
    (193, CURRENT_TIMESTAMP(), CURRENT_TIMESTAMP(), 'item/97/main/1.png', TRUE, 97),
    (194, CURRENT_TIMESTAMP(), CURRENT_TIMESTAMP(), 'item/97/main/2.png', FALSE, 97),
    (195, CURRENT_TIMESTAMP(), CURRENT_TIMESTAMP(), 'item/98/main/1.png', TRUE, 98),
    (196, CURRENT_TIMESTAMP(), CURRENT_TIMESTAMP(), 'item/98/main/2.png', FALSE, 98),
    (197, CURRENT_TIMESTAMP(), CURRENT_TIMESTAMP(), 'item/99/main/1.png', TRUE, 99),
    (198, CURRENT_TIMESTAMP(), CURRENT_TIMESTAMP(), 'item/99/main/2.png', FALSE, 99),
    (199, CURRENT_TIMESTAMP(), CURRENT_TIMESTAMP(), 'item/100/main/1.png', TRUE, 100),
    (200, CURRENT_TIMESTAMP(), CURRENT_TIMESTAMP(), 'item/100/main/2.png', FALSE, 100)
;


INSERT INTO ITEM_CATEGORY (ITEM_CATEGORY_ID, CATEGORY_ID, ITEM_ID)
VALUES
    (1, 1, 1),
    (2, 4, 2),
    (3, 2, 3),
    (4, 5, 4),
    (5, 4, 5),
    (6, 5, 6),
    (7, 5, 7),
    (8, 5, 8),
    (9, 5, 9),
    (10, 2, 10),
    (11, 5, 11),
    (12, 2, 12),
    (13, 4, 13),
    (14, 1, 14),
    (15, 4, 15),
    (16, 1, 16),
    (17, 2, 17),
    (18, 5, 18),
    (19, 2, 19),
    (20, 4, 20),
    (21, 5, 21),
    (22, 3, 22),
    (23, 1, 23),
    (24, 3, 24),
    (25, 5, 25),
    (26, 5, 26),
    (27, 1, 27),
    (28, 2, 28),
    (29, 5, 29),
    (30, 5, 30),
    (31, 2, 31),
    (32, 1, 32),
    (33, 3, 33),
    (34, 4, 34),
    (35, 3, 35),
    (36, 4, 36),
    (37, 1, 37),
    (38, 4, 38),
    (39, 5, 39),
    (40, 2, 40),
    (41, 3, 41),
    (42, 4, 42),
    (43, 1, 43),
    (44, 2, 44),
    (45, 3, 45),
    (46, 4, 46),
    (47, 4, 47),
    (48, 2, 48),
    (49, 1, 49),
    (50, 2, 50);

INSERT INTO ITEM_CATEGORY (ITEM_CATEGORY_ID, CATEGORY_ID, ITEM_ID)
VALUES
    (51, 2, 51),
    (52, 3, 52),
    (53, 1, 53),
    (54, 1, 54),
    (55, 2, 55),
    (56, 1, 56),
    (57, 3, 57),
    (58, 3, 58),
    (59, 3, 59),
    (60, 4, 60),
    (61, 2, 61),
    (62, 2, 62),
    (63, 2, 63),
    (64, 4, 64),
    (65, 2, 65),
    (66, 3, 66),
    (67, 5, 67),
    (68, 1, 68),
    (69, 2, 69),
    (70, 5, 70),
    (71, 3, 71),
    (72, 2, 72),
    (73, 1, 73),
    (74, 2, 74),
    (75, 2, 75),
    (76, 5, 76),
    (77, 2, 77),
    (78, 5, 78),
    (79, 5, 79),
    (80, 5, 80),
    (81, 1, 81),
    (82, 1, 82),
    (83, 1, 83),
    (84, 2, 84),
    (85, 5, 85),
    (86, 4, 86),
    (87, 5, 87),
    (88, 3, 88),
    (89, 1, 89),
    (90, 2, 90),
    (91, 3, 91),
    (92, 3, 92),
    (93, 5, 93),
    (94, 3, 94),
    (95, 2, 95),
    (96, 3, 96),
    (97, 2, 97),
    (98, 5, 98),
    (99, 5, 99),
    (100, 2, 100)
;

INSERT INTO EXHIBITION (EXHIBITION_ID, CREATED_AT, UPDATED_AT, DESCRIPTION, TITLE, IMAGE_KEY, EXHIBITION_STATUS)
VALUES
    (1, CURRENT_TIMESTAMP(), CURRENT_TIMESTAMP(), '따뜻한 봄 작품들', '봄 기획전', 'exhibition/1/thumnail/spring.jpg', 'ENDED'),
    (2, CURRENT_TIMESTAMP(), CURRENT_TIMESTAMP(), '무더운 여름 작품들', '여름 기획전', 'exhibition/2/thumnail/summer.jpg', 'ONGOING'),
    (3, CURRENT_TIMESTAMP(), CURRENT_TIMESTAMP(), '상큼한 토마토가 좋아', '토마토 기획전', 'exhibition/3/thumnail/tomato.jpg', 'ONGOING')
;

INSERT INTO EXHIBITION_ITEM (EXHIBITION_ITEM_ID, EXHIBITION_ID, ITEM_ID)
VALUES
    (1, 1, 1),
    (2, 2, 2),
    (3, 3, 3),
    (4, 1, 4),
    (5, 2, 5),
    (6, 3, 6)
;

INSERT INTO EXHIBITION_ARTIST (EXHIBITION_ARTIST_ID, ARTIST_ID, EXHIBITION_ID, CREATED_AT, UPDATED_AT)
VALUES
    (1, 1, 1, CURRENT_TIMESTAMP(), CURRENT_TIMESTAMP()),
    (2, 1, 2, CURRENT_TIMESTAMP(), CURRENT_TIMESTAMP()),
    (3, 2, 3, CURRENT_TIMESTAMP(), CURRENT_TIMESTAMP()),
    (4, 1, 1, CURRENT_TIMESTAMP(), CURRENT_TIMESTAMP()),
    (5, 2, 2, CURRENT_TIMESTAMP(), CURRENT_TIMESTAMP()),
    (6, 2, 3, CURRENT_TIMESTAMP(), CURRENT_TIMESTAMP())
;

INSERT INTO INQUIRY (INQUIRY_ID, QUESTION, ANSWER, ARTIST_ID)
VALUES (1, '배송은 얼마나 걸리나요?', '약 3~5일 소요됩니다.', 1),
       (2, '포장 상태는 어떤가요?', NULL, 1);